sebelum,sesudah,jenis_kelamin,metode,puas
72,64,Laki-Laki,B,Tidak
51,43,Laki-Laki,C,Tidak
51,59,Laki-Laki,D,Tidak
66,65,Perempuan,B,Ya
51,56,Laki-Laki,A,Ya
63,61,Laki-Laki,A,Ya
57,50,Perempuan,A,Ya
65,61,Perempuan,C,Ya
64,58,Laki-Laki,A,Ya
73,82,Perempuan,B,Ya
59,64,Laki-Laki,D,Tidak
59,68,Perempuan,C,Ya
54,46,Perempuan,D,Ya
41,31,Laki-Laki,A,Tidak
46,56,Perempuan,D,Ya
56,50,Perempuan,C,Tidak
67,62,Perempuan,C,Ya
64,65,Laki-Laki,B,Ya
63,58,Laki-Laki,D,Tidak
51,56,Perempuan,C,Tidak
70,72,Perempuan,C,Tidak
55,57,Perempuan,B,Ya
46,51,Perempuan,B,Tidak
77,76,Perempuan,C,Ya
56,56,Laki-Laki,A,Ya
70,78,Perempuan,A,Ya
61,71,Perempuan,D,Ya
78,72,Laki-Laki,C,Tidak
43,51,Perempuan,B,Ya
46,41,Perempuan,A,Tidak
54,49,Perempuan,B,Tidak
45,44,Perempuan,B,Tidak
59,66,Laki-Laki,A,Ya
57,59,Perempuan,D,Ya
57,65,Perempuan,B,Tidak
53,61,Laki-Laki,D,Ya
67,69,Perempuan,D,Ya
61,63,Perempuan,B,Ya
61,52,Perempuan,C,Tidak
63,67,Perempuan,D,Ya
77,85,Laki-Laki,D,Tidak
51,46,Perempuan,C,Ya
52,51,Perempuan,B,Ya
47,42,Laki-Laki,B,Ya
71,72,Laki-Laki,C,Ya
53,49,Perempuan,C,Ya
51,60,Laki-Laki,A,Tidak
71,61,Perempuan,B,Tidak
52,48,Laki-Laki,D,Tidak
56,65,Perempuan,C,Tidak
65,63,Perempuan,D,Ya
61,58,Laki-Laki,D,Tidak
45,42,Perempuan,C,Tidak
63,63,Laki-Laki,B,Ya
64,74,Perempuan,D,Tidak
47,51,Laki-Laki,A,Ya
68,77,Laki-Laki,D,Tidak
78,76,Laki-Laki,C,Ya
67,68,Laki-Laki,C,Tidak
54,45,Laki-Laki,A,Ya
55,59,Laki-Laki,C,Ya
66,64,Laki-Laki,A,Ya
52,48,Laki-Laki,A,Tidak
63,72,Laki-Laki,D,Ya
69,74,Perempuan,B,Ya
64,54,Laki-Laki,D,Tidak
47,45,Perempuan,B,Tidak
63,59,Laki-Laki,C,Tidak
46,42,Perempuan,D,Tidak
80,74,Perempuan,B,Tidak
50,47,Perempuan,B,Tidak
69,68,Laki-Laki,A,Tidak
78,87,Laki-Laki,A,Ya
55,59,Perempuan,B,Ya
54,62,Perempuan,C,Ya
54,52,Perempuan,B,Ya
53,61,Perempuan,D,Ya
69,76,Perempuan,C,Ya
65,55,Perempuan,D,Ya
60,69,Laki-Laki,A,Ya
67,62,Laki-Laki,D,Ya
58,54,Perempuan,A,Ya
72,73,Laki-Laki,A,Tidak
68,60,Laki-Laki,A,Ya
44,50,Laki-Laki,C,Tidak
56,65,Laki-Laki,A,Tidak
58,48,Laki-Laki,C,Tidak
61,70,Perempuan,A,Tidak
50,48,Laki-Laki,D,Ya
68,60,Laki-Laki,C,Ya
72,77,Perempuan,C,Ya
68,76,Perempuan,D,Tidak
56,57,Perempuan,B,Ya
68,66,Laki-Laki,D,Ya
66,63,Perempuan,B,Tidak
82,77,Laki-Laki,C,Ya
58,64,Perempuan,B,Tidak
57,53,Laki-Laki,B,Ya
47,55,Perempuan,A,Ya
56,52,Laki-Laki,B,Tidak
53,57,Perempuan,D,Tidak
63,59,Laki-Laki,C,Ya
61,65,Laki-Laki,C,Ya
57,54,Perempuan,D,Ya
76,80,Laki-Laki,A,Tidak
62,54,Laki-Laki,C,Ya
46,41,Perempuan,D,Ya
71,72,Perempuan,A,Ya
53,43,Laki-Laki,C,Tidak
66,74,Laki-Laki,A,Ya
70,72,Perempuan,D,Ya
63,67,Perempuan,A,Tidak
61,70,Perempuan,C,Ya
69,71,Laki-Laki,A,Ya
65,67,Laki-Laki,D,Ya
61,55,Laki-Laki,B,Ya
62,64,Laki-Laki,A,Ya
58,60,Perempuan,B,Tidak
28,22,Laki-Laki,C,Tidak
65,57,Laki-Laki,B,Ya
82,78,Perempuan,C,Tidak
74,64,Laki-Laki,B,Ya
65,63,Perempuan,A,Tidak
63,61,Perempuan,C,Ya
61,63,Laki-Laki,B,Ya
64,60,Laki-Laki,D,Ya
63,56,Perempuan,D,Ya
62,69,Perempuan,B,Ya
55,53,Laki-Laki,D,Tidak
63,62,Laki-Laki,B,Tidak
67,62,Perempuan,B,Ya
62,70,Perempuan,D,Ya
59,62,Perempuan,A,Ya
57,55,Laki-Laki,D,Ya
54,46,Perempuan,C,Tidak
65,58,Laki-Laki,D,Ya
70,66,Perempuan,C,Ya
58,68,Perempuan,C,Ya
59,64,Laki-Laki,A,Tidak
71,78,Laki-Laki,A,Tidak
62,58,Laki-Laki,A,Tidak
80,71,Perempuan,D,Tidak
67,73,Perempuan,B,Ya
81,88,Perempuan,D,Ya
75,85,Laki-Laki,A,Ya
66,64,Laki-Laki,C,Ya
54,49,Perempuan,A,Tidak
55,60,Perempuan,C,Tidak
67,74,Perempuan,D,Ya
60,56,Laki-Laki,B,Ya
70,66,Perempuan,A,Ya
52,59,Laki-Laki,C,Ya
70,62,Laki-Laki,A,Tidak
59,69,Laki-Laki,B,Ya
75,85,Laki-Laki,A,Ya
58,52,Laki-Laki,A,Tidak
45,41,Laki-Laki,D,Ya
69,63,Perempuan,A,Ya
72,75,Laki-Laki,D,Ya
51,56,Laki-Laki,A,Ya
54,58,Perempuan,D,Ya
40,39,Laki-Laki,C,Ya
68,63,Perempuan,B,Ya
78,84,Laki-Laki,D,Tidak
77,87,Laki-Laki,C,Tidak
75,66,Laki-Laki,B,Tidak
52,48,Perempuan,B,Tidak
60,60,Laki-Laki,C,Tidak
72,77,Perempuan,C,Ya
42,48,Laki-Laki,B,Ya
44,43,Perempuan,C,Ya
61,69,Laki-Laki,D,Tidak
57,48,Laki-Laki,B,Ya
68,68,Perempuan,A,Tidak
62,67,Perempuan,B,Tidak
57,62,Perempuan,B,Ya
56,51,Laki-Laki,B,Ya
62,64,Perempuan,C,Tidak
66,60,Laki-Laki,C,Ya
38,37,Perempuan,D,Tidak
56,61,Perempuan,A,Ya
52,52,Laki-Laki,B,Ya
59,55,Perempuan,D,Tidak
74,67,Perempuan,A,Tidak
69,64,Laki-Laki,D,Ya
64,70,Laki-Laki,A,Ya
56,64,Laki-Laki,B,Tidak
33,43,Perempuan,C,Ya
62,65,Perempuan,B,Ya
72,72,Perempuan,B,Ya
51,48,Laki-Laki,C,Tidak
62,62,Perempuan,A,Tidak
65,66,Perempuan,D,Ya
70,73,Perempuan,A,Ya
56,57,Perempuan,A,Ya
57,67,Perempuan,A,Ya
53,50,Perempuan,C,Tidak
64,58,Laki-Laki,B,Ya
58,63,Laki-Laki,A,Tidak
58,55,Perempuan,C,Tidak
51,54,Laki-Laki,B,Ya
56,48,Perempuan,B,Tidak
59,52,Perempuan,C,Ya
41,46,Perempuan,A,Ya
85,95,Perempuan,C,Tidak
84,80,Laki-Laki,D,Ya
87,79,Laki-Laki,A,Ya
59,52,Perempuan,B,Tidak
46,42,Perempuan,C,Tidak
61,56,Perempuan,D,Ya
50,57,Perempuan,A,Tidak
64,66,Laki-Laki,D,Ya
61,71,Laki-Laki,A,Ya
57,48,Perempuan,C,Tidak
60,65,Perempuan,B,Ya
73,71,Laki-Laki,D,Ya
72,73,Laki-Laki,C,Tidak
54,45,Laki-Laki,D,Tidak
55,46,Laki-Laki,A,Ya
65,73,Perempuan,A,Tidak
73,67,Laki-Laki,B,Ya
63,67,Perempuan,C,Tidak
68,67,Perempuan,C,Ya
52,48,Laki-Laki,B,Tidak
57,63,Laki-Laki,D,Ya
76,76,Laki-Laki,C,Tidak
58,68,Perempuan,A,Ya
78,86,Laki-Laki,C,Ya
74,84,Perempuan,A,Ya
76,79,Laki-Laki,C,Ya
61,65,Laki-Laki,C,Ya
56,58,Laki-Laki,A,Tidak
64,58,Laki-Laki,D,Ya
58,57,Perempuan,C,Ya
60,67,Laki-Laki,C,Tidak
65,68,Laki-Laki,A,Ya
55,60,Perempuan,B,Tidak
73,83,Perempuan,B,Ya
74,66,Laki-Laki,B,Ya
57,56,Perempuan,B,Ya
59,65,Laki-Laki,A,Ya
51,45,Laki-Laki,A,Tidak
68,73,Perempuan,C,Ya
42,49,Laki-Laki,A,Tidak
70,79,Laki-Laki,B,Ya
56,55,Perempuan,C,Tidak
73,82,Perempuan,D,Tidak
72,64,Laki-Laki,A,Ya
76,75,Laki-Laki,A,Tidak
72,71,Perempuan,C,Tidak
61,54,Perempuan,C,Ya
70,65,Perempuan,A,Ya
50,59,Laki-Laki,B,Tidak
76,70,Laki-Laki,D,Ya
68,77,Laki-Laki,A,Ya
62,53,Laki-Laki,C,Ya
50,46,Perempuan,C,Ya
58,59,Perempuan,D,Ya
58,55,Perempuan,B,Ya
66,71,Perempuan,D,Ya
59,50,Laki-Laki,C,Ya
63,71,Laki-Laki,C,Tidak
48,39,Perempuan,D,Ya
74,68,Perempuan,B,Ya
49,54,Laki-Laki,C,Tidak
26,26,Perempuan,D,Ya
62,62,Laki-Laki,B,Tidak
61,61,Laki-Laki,B,Ya
67,57,Laki-Laki,B,Ya
66,67,Laki-Laki,A,Tidak
61,67,Laki-Laki,B,Tidak
60,58,Perempuan,A,Tidak
61,60,Perempuan,B,Tidak
53,61,Perempuan,A,Tidak
73,72,Laki-Laki,A,Ya
75,67,Laki-Laki,B,Tidak
80,90,Laki-Laki,D,Tidak
60,53,Perempuan,D,Ya
63,68,Perempuan,A,Ya
38,47,Laki-Laki,B,Ya
50,60,Perempuan,A,Ya
71,81,Laki-Laki,A,Ya
68,60,Laki-Laki,D,Ya
64,61,Perempuan,B,Tidak
58,51,Perempuan,C,Tidak
59,57,Perempuan,C,Ya
58,56,Laki-Laki,C,Ya
48,53,Laki-Laki,C,Ya
46,55,Perempuan,B,Ya
74,74,Perempuan,B,Ya
79,77,Perempuan,C,Ya
76,70,Laki-Laki,A,Ya
76,85,Perempuan,D,Ya
51,49,Perempuan,B,Tidak
57,53,Perempuan,B,Ya
74,73,Perempuan,C,Ya
52,58,Perempuan,A,Ya
64,74,Perempuan,C,Ya
56,55,Perempuan,D,Tidak
63,57,Perempuan,B,Tidak
46,50,Perempuan,A,Tidak
69,73,Laki-Laki,B,Ya
74,78,Perempuan,B,Tidak
67,75,Perempuan,A,Tidak
60,52,Perempuan,C,Ya
68,66,Laki-Laki,D,Tidak
63,65,Perempuan,B,Tidak
71,69,Perempuan,D,Tidak
73,77,Laki-Laki,C,Tidak
71,79,Perempuan,B,Tidak
78,88,Laki-Laki,D,Ya
65,71,Laki-Laki,B,Ya
66,70,Laki-Laki,A,Ya
63,61,Laki-Laki,B,Ya
49,43,Perempuan,D,Tidak
79,82,Laki-Laki,D,Ya
34,39,Laki-Laki,B,Ya
62,60,Laki-Laki,B,Ya
48,54,Laki-Laki,B,Tidak
63,59,Laki-Laki,D,Ya
75,74,Laki-Laki,A,Tidak
66,70,Perempuan,B,Tidak
75,77,Perempuan,A,Ya
81,74,Laki-Laki,A,Ya
71,76,Laki-Laki,D,Ya
47,48,Laki-Laki,D,Ya
49,59,Perempuan,C,Tidak
49,40,Laki-Laki,C,Ya
73,83,Perempuan,C,Ya
56,54,Perempuan,D,Tidak
54,57,Perempuan,D,Ya
64,70,Perempuan,A,Tidak
64,61,Perempuan,C,Tidak
71,69,Perempuan,B,Ya
64,64,Perempuan,C,Tidak
52,43,Perempuan,B,Tidak
55,56,Laki-Laki,C,Ya
49,48,Perempuan,D,Tidak
60,65,Laki-Laki,A,Tidak
65,56,Perempuan,D,Ya
54,48,Laki-Laki,D,Tidak
56,63,Perempuan,A,Tidak
60,66,Perempuan,B,Ya
59,62,Perempuan,A,Ya
68,76,Perempuan,B,Ya
79,89,Perempuan,A,Ya
53,63,Perempuan,D,Ya
68,72,Laki-Laki,A,Tidak
83,82,Perempuan,C,Ya
50,57,Laki-Laki,C,Ya
52,53,Laki-Laki,A,Tidak
71,68,Perempuan,B,Ya
43,35,Perempuan,C,Ya
58,61,Perempuan,A,Tidak
56,62,Perempuan,B,Ya
60,52,Laki-Laki,D,Ya
57,66,Laki-Laki,D,Tidak
60,68,Perempuan,A,Tidak
54,52,Perempuan,B,Ya
62,55,Laki-Laki,A,Ya
52,51,Laki-Laki,C,Tidak
65,64,Perempuan,B,Tidak
52,48,Perempuan,A,Tidak
57,51,Perempuan,C,Tidak
76,86,Laki-Laki,D,Ya
70,76,Laki-Laki,A,Ya
54,51,Laki-Laki,C,Tidak
49,42,Laki-Laki,B,Tidak
57,59,Perempuan,A,Tidak
73,67,Perempuan,D,Ya
63,62,Perempuan,C,Ya
41,45,Laki-Laki,B,Tidak
77,80,Perempuan,B,Tidak
68,63,Perempuan,A,Ya
59,61,Perempuan,C,Tidak
60,70,Laki-Laki,C,Tidak
63,69,Perempuan,A,Ya
74,76,Perempuan,C,Ya
73,74,Perempuan,B,Tidak
67,70,Laki-Laki,B,Ya
49,42,Perempuan,D,Ya
56,64,Laki-Laki,B,Ya
70,68,Perempuan,C,Tidak
61,69,Perempuan,C,Tidak
53,51,Laki-Laki,D,Ya
49,48,Perempuan,C,Tidak
59,65,Perempuan,C,Ya
76,69,Perempuan,D,Tidak
58,50,Perempuan,B,Ya
58,67,Perempuan,B,Ya
43,41,Perempuan,C,Ya
47,37,Perempuan,B,Tidak
42,41,Laki-Laki,C,Ya
60,55,Perempuan,D,Tidak
66,61,Perempuan,B,Tidak
67,60,Laki-Laki,D,Ya
72,73,Perempuan,B,Ya
71,81,Laki-Laki,A,Ya
87,92,Perempuan,D,Ya
81,87,Perempuan,C,Ya
60,69,Perempuan,D,Ya
56,65,Laki-Laki,B,Tidak
60,60,Laki-Laki,C,Ya
63,71,Perempuan,D,Ya
46,50,Laki-Laki,C,Tidak
63,62,Laki-Laki,B,Ya
57,64,Laki-Laki,C,Tidak
85,86,Laki-Laki,C,Ya
62,65,Laki-Laki,C,Ya
54,56,Perempuan,C,Tidak
68,63,Perempuan,A,Ya
71,63,Laki-Laki,B,Tidak
58,55,Perempuan,B,Ya
53,61,Laki-Laki,D,Ya
34,38,Perempuan,D,Ya
65,75,Laki-Laki,A,Tidak
76,79,Laki-Laki,C,Ya
51,49,Laki-Laki,D,Ya
67,63,Laki-Laki,C,Tidak
52,46,Perempuan,C,Ya
68,72,Perempuan,C,Ya
62,67,Perempuan,A,Ya
68,78,Laki-Laki,A,Tidak
53,63,Perempuan,C,Ya
69,68,Laki-Laki,B,Ya
53,44,Perempuan,C,Ya
52,49,Laki-Laki,B,Ya
43,36,Perempuan,A,Ya
61,67,Laki-Laki,C,Ya
62,62,Laki-Laki,A,Ya
52,62,Laki-Laki,C,Ya
62,70,Laki-Laki,D,Ya
62,56,Perempuan,A,Ya
69,66,Perempuan,B,Tidak
53,55,Laki-Laki,A,Tidak
62,71,Laki-Laki,C,Tidak
68,58,Perempuan,D,Ya
55,57,Perempuan,D,Ya
67,74,Perempuan,D,Ya
62,54,Laki-Laki,C,Tidak
63,59,Perempuan,D,Ya
74,72,Perempuan,D,Tidak
44,51,Laki-Laki,C,Ya
67,69,Laki-Laki,C,Ya
64,68,Perempuan,D,Ya
57,57,Laki-Laki,B,Tidak
57,57,Laki-Laki,C,Ya
57,63,Laki-Laki,A,Ya
57,56,Laki-Laki,C,Ya
55,62,Laki-Laki,D,Tidak
41,47,Laki-Laki,C,Tidak
69,72,Laki-Laki,B,Ya
48,45,Laki-Laki,D,Ya
60,54,Laki-Laki,B,Ya
71,74,Perempuan,B,Ya
82,80,Perempuan,B,Tidak
67,67,Perempuan,D,Ya
56,47,Laki-Laki,D,Ya
73,64,Perempuan,B,Ya
67,65,Laki-Laki,D,Ya
46,54,Laki-Laki,D,Tidak
62,52,Perempuan,B,Tidak
54,48,Perempuan,D,Tidak
64,65,Laki-Laki,A,Tidak
52,57,Perempuan,B,Tidak
58,48,Laki-Laki,A,Ya
65,75,Laki-Laki,C,Ya
73,74,Perempuan,B,Ya
62,63,Laki-Laki,A,Ya
65,58,Laki-Laki,B,Ya
66,64,Perempuan,C,Ya
59,49,Perempuan,A,Ya
70,73,Laki-Laki,C,Tidak
62,60,Perempuan,C,Ya
57,55,Laki-Laki,D,Tidak
49,54,Perempuan,D,Ya
69,70,Perempuan,B,Ya
56,46,Laki-Laki,C,Ya
43,42,Perempuan,B,Ya
44,46,Laki-Laki,A,Ya
59,61,Laki-Laki,C,Ya
55,65,Perempuan,A,Tidak
62,62,Laki-Laki,B,Tidak
71,65,Laki-Laki,D,Tidak
65,70,Perempuan,C,Ya
70,76,Perempuan,C,Ya
79,77,Perempuan,B,Tidak
66,56,Perempuan,A,Tidak
73,82,Laki-Laki,B,Ya
64,67,Laki-Laki,A,Tidak
59,61,Perempuan,C,Ya
64,69,Perempuan,B,Ya
73,63,Laki-Laki,C,Ya
47,57,Perempuan,A,Ya
68,68,Laki-Laki,A,Tidak
68,65,Perempuan,A,Tidak
64,66,Laki-Laki,B,Tidak
64,55,Laki-Laki,C,Ya
43,35,Laki-Laki,D,Ya
66,70,Laki-Laki,C,Ya
58,68,Perempuan,D,Ya
62,56,Perempuan,A,Ya
64,67,Perempuan,D,Tidak
65,61,Perempuan,D,Ya
47,49,Perempuan,A,Tidak
62,70,Laki-Laki,A,Tidak
63,61,Laki-Laki,B,Ya
70,71,Perempuan,A,Tidak
69,61,Laki-Laki,A,Ya
49,47,Laki-Laki,C,Tidak
65,66,Laki-Laki,B,Tidak
68,71,Perempuan,B,Tidak
62,55,Laki-Laki,D,Ya
58,66,Laki-Laki,A,Tidak
70,74,Laki-Laki,C,Ya
54,52,Perempuan,A,Ya
51,51,Perempuan,D,Ya
72,66,Laki-Laki,D,Tidak
66,76,Perempuan,B,Ya
58,50,Perempuan,B,Ya
65,60,Laki-Laki,A,Ya
43,37,Perempuan,C,Ya
77,81,Laki-Laki,A,Tidak
49,43,Perempuan,A,Ya
66,63,Perempuan,D,Ya
64,67,Laki-Laki,A,Tidak
51,60,Perempuan,A,Ya
58,61,Laki-Laki,C,Ya
53,50,Perempuan,A,Tidak
61,56,Laki-Laki,D,Tidak
53,56,Laki-Laki,B,Tidak
74,70,Laki-Laki,C,Ya
67,59,Perempuan,C,Ya
65,74,Laki-Laki,A,Ya
59,50,Perempuan,D,Tidak
81,83,Laki-Laki,C,Tidak
74,84,Perempuan,A,Ya
74,64,Perempuan,B,Tidak
50,42,Laki-Laki,C,Tidak
54,48,Laki-Laki,A,Ya
48,57,Perempuan,C,Tidak
70,61,Laki-Laki,C,Tidak
50,45,Laki-Laki,C,Tidak
55,64,Laki-Laki,D,Tidak
76,82,Perempuan,D,Tidak
66,58,Laki-Laki,B,Ya
68,58,Perempuan,A,Ya
75,67,Laki-Laki,A,Ya
54,49,Perempuan,D,Ya
68,61,Perempuan,D,Ya
63,53,Perempuan,D,Tidak
75,78,Perempuan,D,Tidak
70,75,Laki-Laki,C,Tidak
62,52,Laki-Laki,C,Tidak
63,56,Laki-Laki,D,Tidak
69,59,Laki-Laki,D,Ya
61,51,Perempuan,A,Ya
56,47,Laki-Laki,C,Tidak
59,65,Perempuan,D,Tidak
53,47,Perempuan,A,Ya
64,71,Laki-Laki,D,Ya
64,68,Laki-Laki,A,Ya
63,60,Perempuan,B,Tidak
56,65,Laki-Laki,B,Ya
67,67,Perempuan,A,Ya
62,56,Laki-Laki,C,Ya
57,49,Perempuan,D,Tidak
51,61,Laki-Laki,A,Ya
58,66,Perempuan,A,Ya
70,66,Laki-Laki,C,Ya
52,46,Perempuan,C,Ya
73,78,Laki-Laki,B,Ya
68,62,Perempuan,B,Tidak
78,70,Perempuan,C,Ya
49,58,Perempuan,B,Ya
75,66,Perempuan,C,Ya
40,37,Laki-Laki,B,Ya
69,59,Laki-Laki,A,Ya
74,64,Laki-Laki,C,Ya
43,43,Perempuan,B,Tidak
49,47,Laki-Laki,D,Ya
65,74,Laki-Laki,C,Tidak
58,58,Perempuan,A,Tidak
56,52,Perempuan,A,Ya
61,64,Perempuan,D,Ya
52,53,Perempuan,A,Tidak
71,61,Laki-Laki,A,Tidak
77,87,Perempuan,C,Ya
67,77,Perempuan,C,Ya
46,56,Laki-Laki,A,Ya
73,72,Laki-Laki,D,Ya
75,65,Laki-Laki,B,Ya
54,51,Perempuan,B,Ya
81,74,Laki-Laki,B,Ya
63,56,Laki-Laki,A,Ya
79,72,Perempuan,B,Ya
54,63,Laki-Laki,C,Ya
51,51,Laki-Laki,B,Tidak
58,66,Laki-Laki,C,Ya
48,43,Laki-Laki,D,Ya
57,59,Perempuan,A,Ya
57,62,Perempuan,D,Ya
57,63,Perempuan,C,Tidak
72,65,Perempuan,A,Ya
57,47,Laki-Laki,B,Tidak
48,45,Perempuan,D,Ya
61,55,Laki-Laki,B,Ya
54,44,Laki-Laki,D,Ya
59,61,Perempuan,B,Tidak
60,61,Perempuan,D,Tidak
49,46,Perempuan,D,Ya
46,42,Perempuan,A,Ya
63,73,Laki-Laki,B,Ya
75,82,Laki-Laki,C,Ya
68,77,Laki-Laki,D,Ya
50,58,Laki-Laki,B,Tidak
75,69,Laki-Laki,B,Tidak
70,70,Laki-Laki,B,Ya
63,68,Perempuan,A,Tidak
59,64,Laki-Laki,A,Ya
48,44,Perempuan,B,Tidak
47,43,Perempuan,A,Ya
63,62,Perempuan,C,Ya
43,52,Perempuan,D,Tidak
43,45,Perempuan,C,Tidak
51,55,Laki-Laki,A,Ya
71,61,Laki-Laki,B,Ya
53,43,Laki-Laki,A,Ya
72,70,Perempuan,A,Ya
42,34,Perempuan,B,Ya
69,60,Laki-Laki,C,Ya
84,75,Laki-Laki,C,Ya
76,69,Perempuan,D,Tidak
44,47,Laki-Laki,B,Ya
59,69,Laki-Laki,B,Tidak
60,55,Laki-Laki,C,Ya
72,71,Perempuan,C,Tidak
51,51,Laki-Laki,C,Ya
61,62,Perempuan,A,Ya
59,55,Perempuan,A,Tidak
54,44,Perempuan,C,Ya
80,73,Perempuan,D,Ya
47,46,Perempuan,B,Ya
54,64,Perempuan,D,Ya
64,65,Laki-Laki,A,Tidak
53,63,Laki-Laki,D,Ya
56,49,Laki-Laki,D,Tidak
59,51,Perempuan,B,Ya
52,48,Laki-Laki,B,Ya
57,53,Perempuan,A,Ya
61,62,Perempuan,A,Ya
64,57,Perempuan,A,Ya
50,55,Laki-Laki,C,Tidak
56,53,Perempuan,D,Ya
59,67,Laki-Laki,B,Ya
62,55,Perempuan,D,Ya
71,63,Laki-Laki,D,Tidak
66,60,Laki-Laki,C,Tidak
57,65,Laki-Laki,A,Ya
59,64,Perempuan,C,Ya
83,76,Laki-Laki,C,Ya
47,41,Laki-Laki,D,Ya
68,62,Perempuan,C,Ya
56,47,Perempuan,D,Ya
62,53,Laki-Laki,A,Tidak
61,68,Laki-Laki,C,Ya
64,73,Perempuan,A,Tidak
66,75,Perempuan,B,Ya
61,71,Perempuan,A,Tidak
53,62,Perempuan,D,Tidak
66,72,Laki-Laki,C,Tidak
58,52,Laki-Laki,D,Tidak
47,47,Perempuan,A,Ya
75,82,Laki-Laki,B,Tidak
65,74,Laki-Laki,C,Ya
61,65,Laki-Laki,D,Ya
57,64,Laki-Laki,D,Ya
51,43,Perempuan,C,Tidak
55,58,Laki-Laki,D,Ya
73,80,Laki-Laki,B,Tidak
58,64,Perempuan,C,Tidak
70,79,Perempuan,D,Ya
40,49,Perempuan,B,Tidak
92,100,Perempuan,A,Ya
58,52,Perempuan,C,Ya
50,43,Laki-Laki,D,Tidak
60,53,Laki-Laki,D,Tidak
45,50,Perempuan,D,Ya
60,61,Perempuan,A,Tidak
54,61,Perempuan,C,Ya
53,63,Perempuan,D,Ya
70,73,Perempuan,D,Ya
59,50,Perempuan,D,Ya
65,70,Laki-Laki,A,Tidak
68,60,Laki-Laki,C,Tidak
66,73,Laki-Laki,D,Tidak
70,61,Perempuan,D,Tidak
62,57,Perempuan,C,Tidak
78,85,Perempuan,C,Ya
63,60,Perempuan,B,Tidak
70,67,Laki-Laki,A,Ya
68,70,Laki-Laki,B,Ya
49,51,Perempuan,B,Ya
69,76,Laki-Laki,D,Ya
57,67,Perempuan,C,Ya
47,38,Laki-Laki,D,Tidak
64,73,Laki-Laki,A,Ya
56,47,Laki-Laki,C,Tidak
78,74,Perempuan,C,Tidak
72,64,Laki-Laki,D,Ya
63,59,Perempuan,A,Tidak
60,60,Laki-Laki,C,Ya
63,60,Perempuan,C,Tidak
73,76,Laki-Laki,B,Ya
73,71,Perempuan,C,Ya
65,56,Perempuan,B,Ya
67,64,Laki-Laki,B,Ya
55,52,Perempuan,C,Ya
57,66,Perempuan,A,Ya
51,61,Perempuan,D,Ya
61,61,Laki-Laki,A,Tidak
52,55,Laki-Laki,A,Ya
76,79,Perempuan,C,Tidak
58,62,Laki-Laki,A,Ya
56,64,Laki-Laki,C,Ya
48,43,Laki-Laki,B,Ya
70,66,Laki-Laki,D,Ya
37,38,Laki-Laki,D,Tidak
50,59,Laki-Laki,C,Ya
47,37,Perempuan,B,Ya
65,55,Perempuan,C,Ya
70,68,Perempuan,C,Ya
64,54,Perempuan,D,Ya
61,65,Perempuan,C,Tidak
58,53,Laki-Laki,B,Ya
64,67,Laki-Laki,B,Ya
71,67,Laki-Laki,D,Ya
47,46,Perempuan,B,Tidak
49,43,Laki-Laki,C,Ya
53,60,Perempuan,D,Ya
59,63,Laki-Laki,B,Ya
56,56,Perempuan,D,Ya
88,78,Laki-Laki,C,Tidak
57,54,Perempuan,B,Ya
60,59,Perempuan,D,Tidak
78,77,Perempuan,A,Tidak
64,74,Perempuan,D,Tidak
64,61,Perempuan,B,Ya
43,49,Laki-Laki,B,Ya
51,46,Laki-Laki,A,Ya
57,56,Laki-Laki,C,Tidak
57,65,Laki-Laki,C,Ya
89,93,Laki-Laki,A,Ya
51,54,Laki-Laki,B,Ya
64,62,Laki-Laki,A,Ya
53,51,Perempuan,A,Tidak
59,58,Perempuan,D,Tidak
56,49,Perempuan,A,Tidak
60,50,Laki-Laki,D,Ya
53,60,Perempuan,A,Tidak
48,44,Laki-Laki,A,Ya
60,59,Laki-Laki,A,Tidak
37,31,Perempuan,A,Ya
42,38,Laki-Laki,B,Ya
68,72,Perempuan,D,Tidak
78,85,Perempuan,A,Ya
62,63,Laki-Laki,B,Ya
61,68,Laki-Laki,B,Ya
60,56,Perempuan,A,Ya
75,68,Perempuan,D,Ya
58,67,Perempuan,D,Ya
59,66,Laki-Laki,C,Tidak
71,74,Laki-Laki,D,Tidak
37,42,Laki-Laki,C,Ya
77,72,Perempuan,B,Ya
43,38,Perempuan,A,Ya
44,34,Perempuan,B,Ya
57,64,Perempuan,D,Ya
63,63,Perempuan,C,Tidak
59,58,Perempuan,B,Ya
67,76,Perempuan,B,Tidak
47,41,Laki-Laki,D,Ya
52,42,Perempuan,D,Ya
49,58,Perempuan,A,Ya
63,72,Perempuan,D,Ya
46,36,Perempuan,D,Ya
66,67,Perempuan,D,Ya
59,61,Perempuan,A,Ya
53,45,Laki-Laki,B,Ya
35,30,Perempuan,D,Ya
80,72,Laki-Laki,A,Tidak
64,57,Laki-Laki,A,Ya
54,56,Perempuan,A,Tidak
49,47,Perempuan,D,Ya
55,55,Laki-Laki,D,Ya
76,82,Perempuan,B,Ya
59,66,Laki-Laki,D,Tidak
40,43,Laki-Laki,C,Ya
76,83,Perempuan,D,Tidak
81,71,Perempuan,D,Ya
52,47,Perempuan,C,Tidak
70,63,Laki-Laki,C,Ya
67,59,Laki-Laki,B,Tidak
57,58,Laki-Laki,A,Tidak
62,61,Perempuan,B,Ya
66,71,Laki-Laki,B,Tidak
73,81,Perempuan,D,Ya
48,50,Perempuan,B,Tidak
59,62,Laki-Laki,D,Tidak
60,61,Laki-Laki,D,Ya
51,48,Laki-Laki,B,Ya
54,45,Perempuan,A,Ya
51,51,Perempuan,C,Ya
84,85,Perempuan,A,Tidak
47,57,Laki-Laki,D,Ya
53,63,Perempuan,B,Tidak
43,50,Laki-Laki,B,Ya
81,76,Laki-Laki,D,Ya
62,61,Laki-Laki,A,Ya
65,73,Laki-Laki,C,Ya
75,72,Laki-Laki,D,Ya
52,51,Perempuan,B,Tidak
63,57,Perempuan,A,Ya
40,49,Laki-Laki,B,Ya
61,67,Perempuan,D,Tidak
53,63,Perempuan,C,Ya
61,71,Laki-Laki,A,Ya
58,67,Laki-Laki,C,Tidak
65,55,Perempuan,C,Tidak
60,52,Perempuan,A,Ya
55,51,Perempuan,B,Ya
66,61,Laki-Laki,B,Ya
59,63,Perempuan,B,Ya
62,64,Laki-Laki,B,Tidak
78,83,Perempuan,B,Ya
59,56,Laki-Laki,C,Tidak
62,64,Laki-Laki,D,Ya
70,67,Perempuan,A,Ya
57,51,Perempuan,B,Tidak
79,74,Laki-Laki,C,Ya
43,39,Laki-Laki,C,Ya
45,43,Laki-Laki,D,Ya
57,51,Perempuan,C,Ya
53,56,Perempuan,D,Tidak
70,78,Perempuan,D,Ya
72,66,Perempuan,B,Tidak
53,43,Perempuan,A,Ya
47,43,Laki-Laki,B,Ya
50,56,Laki-Laki,B,Tidak
59,50,Laki-Laki,B,Tidak
72,67,Laki-Laki,D,Ya
59,69,Perempuan,A,Ya
58,56,Perempuan,D,Ya
62,55,Perempuan,A,Tidak
47,57,Perempuan,A,Tidak
64,67,Laki-Laki,A,Ya
81,88,Laki-Laki,D,Tidak
80,72,Perempuan,B,Tidak
68,74,Laki-Laki,D,Ya
62,60,Laki-Laki,D,Ya
57,58,Laki-Laki,B,Ya
45,51,Perempuan,C,Tidak
52,55,Perempuan,B,Ya
52,51,Perempuan,D,Ya
68,58,Perempuan,A,Tidak
60,60,Perempuan,A,Ya
73,66,Laki-Laki,D,Tidak
55,57,Perempuan,B,Tidak
78,86,Perempuan,C,Tidak
76,79,Perempuan,A,Ya
69,61,Perempuan,C,Ya
61,62,Perempuan,A,Tidak
56,46,Perempuan,B,Ya
70,75,Perempuan,A,Ya
70,75,Laki-Laki,A,Ya
57,60,Perempuan,A,Tidak
66,73,Perempuan,D,Ya
69,78,Laki-Laki,B,Ya
61,71,Laki-Laki,C,Ya
54,55,Perempuan,D,Ya
50,47,Laki-Laki,B,Ya
67,66,Laki-Laki,B,Tidak
73,66,Perempuan,C,Tidak
40,37,Perempuan,C,Ya
83,91,Perempuan,B,Ya
38,39,Perempuan,A,Tidak
69,69,Laki-Laki,A,Tidak
57,66,Laki-Laki,D,Ya
69,61,Laki-Laki,B,Ya
54,49,Laki-Laki,B,Ya
51,61,Laki-Laki,B,Tidak
74,70,Perempuan,B,Ya
68,76,Laki-Laki,B,Ya
63,72,Perempuan,B,Ya
71,69,Laki-Laki,D,Ya
45,38,Perempuan,D,Ya
50,48,Perempuan,D,Ya
67,66,Perempuan,A,Tidak
75,78,Perempuan,C,Ya
73,73,Perempuan,D,Tidak
65,57,Laki-Laki,B,Ya
57,48,Perempuan,B,Tidak
52,58,Perempuan,C,Tidak
58,49,Perempuan,C,Tidak
85,90,Laki-Laki,B,Tidak
44,37,Perempuan,C,Ya
56,55,Perempuan,D,Ya
59,55,Perempuan,D,Tidak
63,63,Perempuan,A,Ya
55,56,Laki-Laki,D,Ya
71,75,Perempuan,B,Ya
43,43,Perempuan,D,Ya
67,70,Laki-Laki,C,Tidak
46,55,Laki-Laki,B,Tidak
75,78,Perempuan,B,Ya
57,67,Perempuan,A,Tidak
65,55,Laki-Laki,B,Ya
52,49,Laki-Laki,C,Ya
88,92,Laki-Laki,A,Tidak
72,77,Laki-Laki,B,Ya
45,36,Laki-Laki,C,Ya
61,51,Laki-Laki,A,Tidak
68,78,Perempuan,A,Tidak
52,42,Laki-Laki,C,Ya
63,58,Laki-Laki,D,Tidak
39,34,Perempuan,B,Ya
45,51,Laki-Laki,A,Ya
56,60,Perempuan,C,Tidak
47,48,Perempuan,D,Ya
59,50,Laki-Laki,D,Ya
67,66,Perempuan,A,Ya
62,55,Perempuan,B,Ya
63,64,Perempuan,C,Ya
66,62,Laki-Laki,C,Tidak
56,65,Laki-Laki,D,Tidak
49,42,Laki-Laki,D,Tidak
62,69,Perempuan,B,Tidak
54,54,Laki-Laki,C,Tidak
73,66,Perempuan,B,Ya
50,56,Perempuan,D,Tidak
70,68,Perempuan,D,Ya
57,58,Laki-Laki,A,Ya
67,66,Perempuan,A,Tidak
60,62,Perempuan,C,Tidak
50,40,Perempuan,C,Tidak
48,48,Laki-Laki,D,Ya
52,45,Laki-Laki,B,Tidak
56,53,Perempuan,D,Ya
64,58,Perempuan,C,Tidak
64,66,Perempuan,C,Ya
60,69,Perempuan,B,Tidak
66,70,Laki-Laki,C,Tidak
75,84,Perempuan,D,Ya
56,54,Laki-Laki,D,Ya
55,45,Laki-Laki,C,Tidak
42,49,Laki-Laki,B,Ya
53,45,Laki-Laki,C,Ya
72,67,Perempuan,D,Tidak
59,65,Laki-Laki,B,Ya
46,53,Perempuan,A,Tidak
57,61,Perempuan,A,Ya
57,58,Laki-Laki,D,Tidak
65,60,Perempuan,C,Tidak
63,59,Laki-Laki,B,Tidak
56,65,Laki-Laki,C,Ya
48,40,Perempuan,B,Tidak
53,45,Perempuan,C,Tidak
58,67,Perempuan,D,Ya
69,70,Laki-Laki,A,Ya
76,84,Perempuan,C,Tidak
41,38,Perempuan,B,Ya
59,55,Laki-Laki,C,Ya
54,60,Laki-Laki,D,Ya
71,61,Laki-Laki,D,Tidak
91,92,Laki-Laki,C,Ya
55,54,Perempuan,D,Tidak
62,52,Laki-Laki,D,Tidak
53,55,Perempuan,B,Tidak
52,58,Perempuan,B,Ya
60,64,Perempuan,B,Ya
49,52,Perempuan,D,Ya
55,49,Perempuan,B,Tidak
85,78,Perempuan,C,Ya
58,55,Laki-Laki,B,Ya
66,62,Perempuan,C,Ya
61,67,Laki-Laki,A,Ya
63,62,Perempuan,D,Ya
62,62,Perempuan,C,Ya
59,63,Perempuan,C,Ya
60,66,Laki-Laki,D,Ya
72,79,Perempuan,B,Ya
76,86,Laki-Laki,C,Ya
61,51,Laki-Laki,A,Tidak
55,46,Perempuan,D,Ya
45,54,Laki-Laki,D,Ya
58,57,Perempuan,A,Tidak
54,50,Perempuan,D,Ya
64,70,Perempuan,B,Ya
56,66,Perempuan,A,Ya
40,39,Laki-Laki,D,Ya
50,51,Perempuan,D,Ya
37,29,Laki-Laki,C,Tidak
70,73,Laki-Laki,B,Ya
57,58,Laki-Laki,B,Ya
48,39,Perempuan,C,Ya
65,74,Perempuan,B,Ya
53,61,Perempuan,D,Ya
79,83,Perempuan,A,Tidak
49,49,Perempuan,B,Ya
67,65,Perempuan,C,Ya
62,55,Laki-Laki,D,Tidak
72,72,Perempuan,D,Ya
79,71,Perempuan,D,Ya
70,79,Laki-Laki,B,Tidak
56,46,Perempuan,A,Tidak
46,49,Perempuan,A,Tidak
54,52,Laki-Laki,A,Ya
71,76,Laki-Laki,C,Tidak
61,71,Laki-Laki,C,Ya
77,72,Perempuan,A,Tidak
57,56,Laki-Laki,B,Ya
50,47,Laki-Laki,B,Ya
60,61,Laki-Laki,C,Ya
63,62,Perempuan,B,Tidak
58,67,Perempuan,A,Ya
58,55,Perempuan,D,Tidak
44,39,Perempuan,B,Tidak
53,56,Laki-Laki,C,Ya
55,62,Perempuan,C,Ya
54,63,Laki-Laki,C,Ya
56,48,Perempuan,B,Tidak
59,50,Laki-Laki,A,Tidak
60,56,Laki-Laki,B,Ya
59,51,Laki-Laki,B,Ya
58,58,Perempuan,C,Ya
68,73,Laki-Laki,B,Tidak
78,70,Perempuan,C,Tidak
77,69,Laki-Laki,C,Ya
64,56,Perempuan,B,Ya
61,64,Perempuan,B,Ya
56,54,Laki-Laki,A,Ya
58,57,Perempuan,A,Ya
67,70,Perempuan,B,Tidak
69,68,Perempuan,C,Ya
74,73,Laki-Laki,D,Tidak
59,59,Perempuan,C,Ya
62,52,Perempuan,D,Tidak
66,75,Laki-Laki,B,Ya
74,64,Laki-Laki,B,Tidak
56,52,Perempuan,B,Tidak
52,57,Laki-Laki,A,Ya
55,65,Laki-Laki,A,Ya
64,61,Laki-Laki,A,Ya
34,38,Laki-Laki,B,Ya
59,50,Laki-Laki,A,Ya
57,59,Perempuan,B,Ya
83,83,Perempuan,D,Ya
87,89,Laki-Laki,A,Ya
73,77,Laki-Laki,C,Ya
61,71,Laki-Laki,A,Tidak
73,68,Perempuan,D,Tidak
66,75,Laki-Laki,A,Ya
69,70,Perempuan,A,Tidak
55,53,Perempuan,C,Tidak
45,42,Laki-Laki,C,Ya
46,37,Perempuan,C,Tidak
45,53,Laki-Laki,D,Ya
50,46,Perempuan,D,Ya
62,53,Laki-Laki,B,Ya
57,52,Laki-Laki,B,Ya
80,80,Perempuan,A,Ya
68,58,Laki-Laki,A,Ya
79,70,Laki-Laki,A,Ya
58,51,Laki-Laki,B,Ya
64,69,Perempuan,A,Tidak
47,54,Perempuan,C,Tidak
75,85,Perempuan,D,Tidak
37,28,Perempuan,D,Tidak
57,56,Laki-Laki,D,Tidak
67,68,Perempuan,A,Tidak
47,52,Perempuan,B,Ya
60,53,Perempuan,B,Ya
62,69,Perempuan,C,Ya
59,57,Perempuan,B,Tidak
74,72,Laki-Laki,B,Ya
80,82,Laki-Laki,A,Tidak
75,82,Perempuan,A,Ya
58,58,Perempuan,B,Tidak
61,66,Laki-Laki,A,Ya
66,57,Laki-Laki,A,Ya
70,68,Perempuan,D,Tidak
55,60,Perempuan,B,Ya
58,65,Perempuan,A,Ya
35,39,Perempuan,B,Ya
58,63,Laki-Laki,B,Tidak
58,68,Perempuan,B,Ya
58,49,Perempuan,A,Ya
70,74,Perempuan,A,Tidak
85,90,Laki-Laki,B,Ya
62,53,Perempuan,D,Ya
71,69,Laki-Laki,D,Tidak
66,61,Laki-Laki,A,Ya
72,74,Laki-Laki,A,Tidak
38,31,Perempuan,A,Ya
60,61,Laki-Laki,D,Tidak
72,73,Perempuan,B,Tidak
74,81,Perempuan,B,Ya
70,76,Perempuan,C,Tidak
52,48,Perempuan,C,Tidak
71,61,Perempuan,C,Ya
64,64,Perempuan,B,Tidak
59,59,Perempuan,B,Tidak
54,44,Laki-Laki,C,Ya
52,62,Laki-Laki,D,Ya
71,74,Perempuan,D,Tidak
61,58,Laki-Laki,B,Tidak
72,82,Perempuan,A,Ya
67,72,Perempuan,A,Ya
56,60,Laki-Laki,A,Tidak
60,66,Perempuan,B,Ya
50,45,Laki-Laki,D,Tidak
64,68,Perempuan,D,Ya
65,65,Laki-Laki,A,Tidak
77,73,Laki-Laki,A,Ya
78,84,Laki-Laki,B,Tidak
58,64,Laki-Laki,B,Tidak
59,58,Perempuan,C,Ya
